Judul Berita,Keyword,Sumber Berita,Tanggal Terbit,URL
Pemkot Mataram Cari Akar Masalah Harga Daging Ayam Tak Turun Sejak 3 Bulan,Harga daging,Detik.com,2025-11-26,https://www.detik.com/bali/nusra/d-8228735/pemkot-mataram-cari-akar-masalah-harga-daging-ayam-tak-turun-sejak-3-bulan
Sate Kelinci dari Jawa Masuk Daftar Hidangan Daging Buruan Terbaik Dunia,Harga daging,Detik.com,2025-11-26,https://food.detik.com/info-kuliner/d-8229254/sate-kelinci-dari-jawa-masuk-daftar-hidangan-daging-buruan-terbaik-dunia
Harga Emas Antam Turun Tipis Jadi Segini,Harga daging,Detik.com,2025-11-26,https://finance.detik.com/berita-ekonomi-bisnis/d-8229023/harga-emas-antam-turun-tipis-jadi-segini
Video: Celios Sebut Kenaikan Harga Daging Ayam Imbas Diborong untuk MBG,Harga daging,Detik.com,2025-11-26,https://20.detik.com/detikupdate/20251007-251007081/video-celios-sebut-kenaikan-harga-daging-ayam-imbas-diborong-untuk-mbg
"Pramono Larang Konsumsi Daging Anjing, Kenneth DPRD DKI: Langkah Berani & Bersejarah",Harga daging,Detik.com,2025-11-26,https://news.detik.com/berita/d-8228870/pramono-larang-konsumsi-daging-anjing-kenneth-dprd-dki-langkah-berani-bersejarah
Segini Kisaran Harga Semen per 50 Kg Terbaru 2025,Harga daging,Detik.com,2025-11-26,https://www.detik.com/properti/tips-dan-panduan/d-8229176/segini-kisaran-harga-semen-per-50-kg-terbaru-2025
"Ada versi Hybrid, Ini Daftar Harga Toyota Veloz Terbaru",Harga daging,Detik.com,2025-11-26,https://oto.detik.com/mobil/d-8229107/ada-versi-hybrid-ini-daftar-harga-toyota-veloz-terbaru
Geliat Pasar Tradisional Semarang di Tengah Inflasi,Harga daging,Detik.com,2025-11-26,https://finance.detik.com/foto-bisnis/d-8193184/geliat-pasar-tradisional-semarang-di-tengah-inflasi
Harga Emas Hari Ini di Semarang 26 November 2025: Pegadaian Melonjak Tajam!,Harga daging,Detik.com,2025-11-26,https://www.detik.com/jateng/bisnis/d-8229198/harga-emas-hari-ini-di-semarang-26-november-2025-pegadaian-melonjak-tajam
Realme C85 dan C85 Pro: Harga dan Spesifikasi Lengkap di Indonesia,Harga daging,Detik.com,2025-11-26,https://inet.detik.com/consumer/d-8229223/realme-c85-dan-c85-pro-harga-dan-spesifikasi-lengkap-di-indonesia
"Harga Sembako Jatim Hari Ini: Cabai Keriting-Rawit Naik, Bawang Merah Turun",Harga cabai,Detik.com,2025-11-26,https://www.detik.com/jatim/bisnis/d-8229067/harga-sembako-jatim-hari-ini-cabai-keriting-rawit-naik-bawang-merah-turun
"Tanaman Cabai Mati Usai Erupsi Semeru, Petani Lumajang Rugi Rp 50 Juta",Harga cabai,Detik.com,2025-11-26,https://www.detik.com/jatim/berita/d-8229252/tanaman-cabai-mati-usai-erupsi-semeru-petani-lumajang-rugi-rp-50-juta
Mendag Wanti-wanti Harga Ayam hingga Cabai Naik saat Nataru,Harga cabai,Detik.com,2025-11-26,https://finance.detik.com/berita-ekonomi-bisnis/d-8222291/mendag-wanti-wanti-harga-ayam-hingga-cabai-naik-saat-nataru
Video: Wamendag Sebut Cuaca Jadi Penyebab Harga Cabai Naik Jelang Lebaran,Harga cabai,Detik.com,2025-11-26,https://20.detik.com/detikupdate/20250331-250331092/video-wamendag-sebut-cuaca-jadi-penyebab-harga-cabai-naik-jelang-lebaran
Harga Emas Antam Turun Tipis Jadi Segini,Harga cabai,Detik.com,2025-11-26,https://finance.detik.com/berita-ekonomi-bisnis/d-8229023/harga-emas-antam-turun-tipis-jadi-segini
Segini Kisaran Harga Semen per 50 Kg Terbaru 2025,Harga cabai,Detik.com,2025-11-26,https://www.detik.com/properti/tips-dan-panduan/d-8229176/segini-kisaran-harga-semen-per-50-kg-terbaru-2025
"Ada versi Hybrid, Ini Daftar Harga Toyota Veloz Terbaru",Harga cabai,Detik.com,2025-11-26,https://oto.detik.com/mobil/d-8229107/ada-versi-hybrid-ini-daftar-harga-toyota-veloz-terbaru
"Bukan Emas Saja, Pedasnya Cabai Picu Kenaikan Inflasi Oktober 2025",Harga cabai,Detik.com,2025-11-26,https://finance.detik.com/foto-bisnis/d-8196758/bukan-emas-saja-pedasnya-cabai-picu-kenaikan-inflasi-oktober-2025
Harga Emas Hari Ini di Semarang 26 November 2025: Pegadaian Melonjak Tajam!,Harga cabai,Detik.com,2025-11-26,https://www.detik.com/jateng/bisnis/d-8229198/harga-emas-hari-ini-di-semarang-26-november-2025-pegadaian-melonjak-tajam
Realme C85 dan C85 Pro: Harga dan Spesifikasi Lengkap di Indonesia,Harga cabai,Detik.com,2025-11-26,https://inet.detik.com/consumer/d-8229223/realme-c85-dan-c85-pro-harga-dan-spesifikasi-lengkap-di-indonesia
Harga Beras di 152 Daerah Diklaim Turun,Harga beras,Detik.com,2025-11-26,https://finance.detik.com/berita-ekonomi-bisnis/d-8227064/harga-beras-di-152-daerah-diklaim-turun
Pemprov Aceh Sebut Harga Beras di Sabang Mahal Jadi Alasan Impor 250 Ton,Harga beras,Detik.com,2025-11-26,https://www.detik.com/sumut/berita/d-8227137/pemprov-aceh-sebut-harga-beras-di-sabang-mahal-jadi-alasan-impor-250-ton
"Sempat Absen, Billy Beras Kembali Dipanggil KPK Terkait Kasus Jalur KA",Harga beras,Detik.com,2025-11-26,https://news.detik.com/berita/d-8229582/sempat-absen-billy-beras-kembali-dipanggil-kpk-terkait-kasus-jalur-ka
Video: Komisi IV DPR Ungkap Biang Kerok Harga Beras Naik,Harga beras,Detik.com,2025-11-26,https://20.detik.com/detikupdate/20250911-250911009/video-komisi-iv-dpr-ungkap-biang-kerok-harga-beras-naik
Zulhas soal Temuan 250 Ton Beras Impor: Tak Pernah Ada Izin!,Harga beras,Detik.com,2025-11-26,https://finance.detik.com/berita-ekonomi-bisnis/d-8229429/zulhas-soal-temuan-250-ton-beras-impor-tak-pernah-ada-izin
Mentan Ungkap Asal Usul Beras Impor Ilegal 250 Kg ke Sabang,Harga beras,Detik.com,2025-11-26,https://www.detik.com/sumut/berita/d-8226312/mentan-ungkap-asal-usul-beras-impor-ilegal-250-kg-ke-sabang
"Impor Ilegal Terjadi Lagi, Beras hingga Minyak Goreng Masuk Batam",Harga beras,Detik.com,2025-11-26,https://finance.detik.com/berita-ekonomi-bisnis/d-8228398/impor-ilegal-terjadi-lagi-beras-hingga-minyak-goreng-masuk-batam
"Stabilkan Inflasi, Pemkot Jambi Selenggarakan Gerakan Pangan Murah",Harga beras,Detik.com,2025-11-26,https://finance.detik.com/foto-bisnis/d-8214898/stabilkan-inflasi-pemkot-jambi-selenggarakan-gerakan-pangan-murah
Mentan Ungkap 250 Ton Beras Diimpor Ilegal ke Sabang,Harga beras,Detik.com,2025-11-26,https://www.detik.com/sumut/berita/d-8225086/mentan-ungkap-250-ton-beras-diimpor-ilegal-ke-sabang
Harga Emas Antam Turun Tipis Jadi Segini,Harga beras,Detik.com,2025-11-26,https://finance.detik.com/berita-ekonomi-bisnis/d-8229023/harga-emas-antam-turun-tipis-jadi-segini
"Harga Sembako Jatim Hari Ini: Cabai Keriting-Rawit Naik, Bawang Merah Turun",Harga bawang merah,Detik.com,2025-11-26,https://www.detik.com/jatim/bisnis/d-8229067/harga-sembako-jatim-hari-ini-cabai-keriting-rawit-naik-bawang-merah-turun
"Harga Sembako Jatim Hari Ini: Cabai Keriting dan Rawit Naik, Bawang Merah Turun",Harga bawang merah,Detik.com,2025-11-26,https://www.detik.com/jatim/bisnis/d-8225323/harga-sembako-jatim-hari-ini-cabai-keriting-dan-rawit-naik-bawang-merah-turun
"Harga Bawang Merah Turun, tapi Ayam hingga Cabai Naik",Harga bawang merah,Detik.com,2025-11-26,https://finance.detik.com/berita-ekonomi-bisnis/d-8147074/harga-bawang-merah-turun-tapi-ayam-hingga-cabai-naik
"Video: Harga Bawang Merah Naik di 300 Kab/Kota, Sentuh Rp 53 Ribu Per Kg",Harga bawang merah,Detik.com,2025-11-26,https://20.detik.com/detikupdate/20250811-250811089/video-harga-bawang-merah-naik-di-300-kab-kota-sentuh-rp-53-ribu-per-kg
"Harga Bawang Merah Mulai Turun di Sumut, Begini Kata Disperindag",Harga bawang merah,Detik.com,2025-11-26,https://www.detik.com/sumut/bisnis/d-8069518/harga-bawang-merah-mulai-turun-di-sumut-begini-kata-disperindag
Harga Bawang Merah di Palembang Merangkak Naik dalam Sepekan,Harga bawang merah,Detik.com,2025-11-26,https://www.detik.com/sumbagsel/bisnis/d-8032403/harga-bawang-merah-di-palembang-merangkak-naik-dalam-sepekan
"Video: Harga Bawang Merah Naik di 300 Kab/Kota, Sentuh Rp 53 Ribu Per Kg",Harga bawang merah,Detik.com,2025-11-26,https://20.detik.com/detikupdate/20250811-250811089/video-harga-bawang-merah-naik-di-300-kabkota-sentuh-rp-53-ribu-per-kg
Harga Bawang Merah di Semarang Turun,Harga bawang merah,Detik.com,2025-11-26,https://finance.detik.com/foto-bisnis/d-7881632/harga-bawang-merah-di-semarang-turun
"Harga Bawang Merah Capai Rp 60 Ribu di Sumut, Disperindag Beberkan Penyebabnya",Harga bawang merah,Detik.com,2025-11-26,https://www.detik.com/sumut/bisnis/d-8056692/harga-bawang-merah-capai-rp-60-ribu-di-sumut-disperindag-beberkan-penyebabnya
"Harga Bawang Merah di Sumut Terus Naik, Cabai Masih Lesu",Harga bawang merah,Detik.com,2025-11-26,https://www.detik.com/sumut/bisnis/d-8014419/harga-bawang-merah-di-sumut-terus-naik-cabai-masih-lesu
"Impor Ilegal Terjadi Lagi, Beras hingga Minyak Goreng Masuk Batam",Harga minyak goreng,Detik.com,2025-11-26,https://finance.detik.com/berita-ekonomi-bisnis/d-8228398/impor-ilegal-terjadi-lagi-beras-hingga-minyak-goreng-masuk-batam
Harga Minyak Goreng Diprediksi Naik Segini jika B50 Diterapkan,Harga minyak goreng,Detik.com,2025-11-26,https://finance.detik.com/industri/d-8165975/harga-minyak-goreng-diprediksi-naik-segini-jika-b50-diterapkan
"Kejati Banten Bongkar Kasus Jual Beli Fiktif Minyak Goreng, Negara Rugi Rp 20 M",Harga minyak goreng,Detik.com,2025-11-26,https://news.detik.com/berita/d-8226760/kejati-banten-bongkar-kasus-jual-beli-fiktif-minyak-goreng-negara-rugi-rp-20-m
Video: Harga Minyak Goreng di Transmart Full Day Sale Murah Meriah,Harga minyak goreng,Detik.com,2025-11-26,https://20.detik.com/detikupdate/20241222-241222074/video-harga-minyak-goreng-di-transmart-full-day-sale-murah-meriah
Harga Minyak Goreng-Gula di Sumut Makin Mahal,Harga minyak goreng,Detik.com,2025-11-26,https://www.detik.com/sumut/berita/d-8143534/harga-minyak-goreng-gula-di-sumut-makin-mahal
Pengusaha Ungkap Permainan Harga Minyak Goreng di Pasar,Harga minyak goreng,Detik.com,2025-11-26,https://finance.detik.com/berita-ekonomi-bisnis/d-7775774/pengusaha-ungkap-permainan-harga-minyak-goreng-di-pasar
"Awal Puasa, Harga Minyak Goreng di 136 Daerah Naik!",Harga minyak goreng,Detik.com,2025-11-26,https://finance.detik.com/berita-ekonomi-bisnis/d-7816414/awal-puasa-harga-minyak-goreng-di-136-daerah-naik
"Stabilkan Inflasi, Pemkot Jambi Selenggarakan Gerakan Pangan Murah",Harga minyak goreng,Detik.com,2025-11-26,https://finance.detik.com/foto-bisnis/d-8214898/stabilkan-inflasi-pemkot-jambi-selenggarakan-gerakan-pangan-murah
"Harga Sembako Jatim Hari Ini: Cabai Keriting-Rawit Naik, Bawang Merah Turun",Harga minyak goreng,Detik.com,2025-11-26,https://www.detik.com/jatim/bisnis/d-8229067/harga-sembako-jatim-hari-ini-cabai-keriting-rawit-naik-bawang-merah-turun
Cuaca Buruk Bayangi Kenaikan Harga Minyak Goreng,Harga minyak goreng,Detik.com,2025-11-26,https://finance.detik.com/industri/d-7685614/cuaca-buruk-bayangi-kenaikan-harga-minyak-goreng
"Harga Sembako Jatim 22 November 2025, Harga Telur Ayam Rp 27.968 Per Kilogram",Harga telur ayam,Detik.com,2025-11-26,https://www.detik.com/jatim/bisnis/d-8223080/harga-sembako-jatim-22-november-2025-harga-telur-ayam-rp-27-968-per-kilogram
Pemkot Mataram Cari Akar Masalah Harga Daging Ayam Tak Turun Sejak 3 Bulan,Harga telur ayam,Detik.com,2025-11-26,https://www.detik.com/bali/nusra/d-8228735/pemkot-mataram-cari-akar-masalah-harga-daging-ayam-tak-turun-sejak-3-bulan
"Harga Telur Ayam Naik Gila-gilaan, Ada yang Tembus Rp 100 Ribu/Kg",Harga telur ayam,Detik.com,2025-11-26,https://finance.detik.com/berita-ekonomi-bisnis/d-8146868/harga-telur-ayam-naik-gila-gilaan-ada-yang-tembus-rp-100-ribu-kg
Harga Telur Ayam Terus Meroket!,Harga telur ayam,Detik.com,2025-11-26,https://20.detik.com/detikupdate/20230527-230527061/harga-telur-ayam-terus-meroket
"Harga Telur Ayam di Sumut Naik, Disperindag Sebut Permintaan Pasokan MBG Tinggi",Harga telur ayam,Detik.com,2025-11-26,https://www.detik.com/sumut/bisnis/d-8147735/harga-telur-ayam-di-sumut-naik-disperindag-sebut-permintaan-pasokan-mbg-tinggi
Cuaca Panas dan Program MBG Picu Kenaikan Harga Telur Ayam di Palembang,Harga telur ayam,Detik.com,2025-11-26,https://www.detik.com/sumbagsel/berita/d-8166169/cuaca-panas-dan-program-mbg-picu-kenaikan-harga-telur-ayam-di-palembang
"Harga Telur Ayam Naik, DKPP Sumsel Sebut Pemicunya Event-Program MBG",Harga telur ayam,Detik.com,2025-11-26,https://www.detik.com/sumbagsel/bisnis/d-8147195/harga-telur-ayam-naik-dkpp-sumsel-sebut-pemicunya-event-program-mbg
"Tak Hanya Cabai, Harga Telur Ayam Ikut Melambung",Harga telur ayam,Detik.com,2025-11-26,https://finance.detik.com/foto-bisnis/d-7724849/tak-hanya-cabai-harga-telur-ayam-ikut-melambung
"Harga Telur Ayam Meroket, di Daerah Ini Tembus Rp 100.000/Kg",Harga telur ayam,Detik.com,2025-11-26,https://finance.detik.com/berita-ekonomi-bisnis/d-8055502/harga-telur-ayam-meroket-di-daerah-ini-tembus-rp-100-000-kg
"Harga Sembako Jatim Hari Ini: Cabai Keriting-Rawit Naik, Bawang Merah Turun",Harga telur ayam,Detik.com,2025-11-26,https://www.detik.com/jatim/bisnis/d-8229067/harga-sembako-jatim-hari-ini-cabai-keriting-rawit-naik-bawang-merah-turun
Harga Emas Antam Turun Tipis Jadi Segini,Harga kedelai,Detik.com,2025-11-26,https://finance.detik.com/berita-ekonomi-bisnis/d-8229023/harga-emas-antam-turun-tipis-jadi-segini
Segini Kisaran Harga Semen per 50 Kg Terbaru 2025,Harga kedelai,Detik.com,2025-11-26,https://www.detik.com/properti/tips-dan-panduan/d-8229176/segini-kisaran-harga-semen-per-50-kg-terbaru-2025
"Ada versi Hybrid, Ini Daftar Harga Toyota Veloz Terbaru",Harga kedelai,Detik.com,2025-11-26,https://oto.detik.com/mobil/d-8229107/ada-versi-hybrid-ini-daftar-harga-toyota-veloz-terbaru
Zulhas Sebut Bulog Mau Impor 350 Ribu Ton untuk Tekan Harga Kedelai,Harga kedelai,Detik.com,2025-11-26,https://20.detik.com/detikflash/20221101-221101137/zulhas-sebut-bulog-mau-impor-350-ribu-ton-untuk-tekan-harga-kedelai
Harga Emas Hari Ini di Semarang 26 November 2025: Pegadaian Melonjak Tajam!,Harga kedelai,Detik.com,2025-11-26,https://www.detik.com/jateng/bisnis/d-8229198/harga-emas-hari-ini-di-semarang-26-november-2025-pegadaian-melonjak-tajam
Realme C85 dan C85 Pro: Harga dan Spesifikasi Lengkap di Indonesia,Harga kedelai,Detik.com,2025-11-26,https://inet.detik.com/consumer/d-8229223/realme-c85-dan-c85-pro-harga-dan-spesifikasi-lengkap-di-indonesia
"Harga Sembako Jatim Hari Ini: Cabai Keriting-Rawit Naik, Bawang Merah Turun",Harga kedelai,Detik.com,2025-11-26,https://www.detik.com/jatim/bisnis/d-8229067/harga-sembako-jatim-hari-ini-cabai-keriting-rawit-naik-bawang-merah-turun
Harga Kedelai Merangkak Naik,Harga kedelai,Detik.com,2025-11-26,https://news.detik.com/foto-news/d-8218788/harga-kedelai-merangkak-naik
"Harga Emas Antam Surabaya Hari Ini Turun, 1 Gram Jadi Rp 2.378.000",Harga kedelai,Detik.com,2025-11-26,https://www.detik.com/jatim/bisnis/d-8229028/harga-emas-antam-surabaya-hari-ini-turun-1-gram-jadi-rp-2-378-000
Harga Emas Hari Ini di Jogja 26 November 2025: Pegadaian Jadi Semahal Ini!,Harga kedelai,Detik.com,2025-11-26,https://www.detik.com/jogja/bisnis/d-8229120/harga-emas-hari-ini-di-jogja-26-november-2025-pegadaian-jadi-semahal-ini
Polri Ubah Paradigma Penanganan Unjuk Rasa dari Pengamanan Jadi Pelayanan,demonstrasi,Detik.com,2025-11-26,https://news.detik.com/berita/d-8226513/polri-ubah-paradigma-penanganan-unjuk-rasa-dari-pengamanan-jadi-pelayanan
"Buruh di Lebak Demo Minta Upah Minimum 2026 Naik 10,5%",demonstrasi,Detik.com,2025-11-26,https://news.detik.com/berita/d-8226009/buruh-di-lebak-demo-minta-upah-minimum-2026-naik-10-5
Maxim Buka Suara soal Ojol Tolak Jadi Karyawan Tetap Saat Demo di Makassar,demonstrasi,Detik.com,2025-11-26,https://www.detik.com/sulsel/makassar/d-8227486/maxim-buka-suara-soal-ojol-tolak-jadi-karyawan-tetap-saat-demo-di-makassar
Video: Sungai Venice Berubah Jadi Hijau Imbas Protes Aktivis Iklim,demonstrasi,Detik.com,2025-11-26,https://20.detik.com/detikupdate/20251122-251122050/video-sungai-venice-berubah-jadi-hijau-imbas-protes-aktivis-iklim
"Buruh Batal Demo Hari Ini, Usul 3 Opsi Upah Minimum",demonstrasi,Detik.com,2025-11-26,https://finance.detik.com/berita-ekonomi-bisnis/d-8225272/buruh-batal-demo-hari-ini-usul-3-opsi-upah-minimum
"Buruh Demo Besar-besaran di Sekitar Istana-DPR Hari Ini, Berikut Tuntutannya",demonstrasi,Detik.com,2025-11-26,https://news.detik.com/berita/d-8225125/buruh-demo-besar-besaran-di-sekitar-istana-dpr-hari-ini-berikut-tuntutannya
Anatomi Demonstrasi,demonstrasi,Detik.com,2025-11-26,https://news.detik.com/kolom/d-8094755/anatomi-demonstrasi
"Aktivis Serbu Kedubes Jepang, AZEC Dinilai Bukan Solusi Iklim",demonstrasi,Detik.com,2025-11-26,https://news.detik.com/foto-news/d-8180103/aktivis-serbu-kedubes-jepang-azec-dinilai-bukan-solusi-iklim
Misi Meredam Gejolak Demonstrasi,demonstrasi,Detik.com,2025-11-26,https://news.detik.com/x/detail/spotlight/20250902/Misi-Meredam-Gejolak-Demonstrasi/
Video: Sungai Venice Berubah Jadi Hijau Imbas Protes Aktivis Iklim,demonstrasi,Detik.com,2025-11-26,https://20.detik.com/detikupdate/20251122-251122050/video-sungai-venice-berubah-jadi-hijau-imbas-protes-aktivis-iklim
KPK Panggil Kepala Kantor Pajak Palangka Raya Terkait Korupsi LPEI,panen raya,Detik.com,2025-11-26,https://news.detik.com/berita/d-8229554/kpk-panggil-kepala-kantor-pajak-palangka-raya-terkait-korupsi-lpei
"Bupati BBS Panen Raya Cabai di Muaro Jambi, Ekonomi Petani Terus Didongkrak",panen raya,Detik.com,2025-11-26,https://www.detik.com/sumbagsel/berita/d-8220354/bupati-bbs-panen-raya-cabai-di-muaro-jambi-ekonomi-petani-terus-didongkrak
Polres Probolinggo Kota dan Poktan Kanigaran Gelar Panen Raya Jagung,panen raya,Detik.com,2025-11-26,https://www.detik.com/jatim/jogo-jatim/d-8134319/polres-probolinggo-kota-dan-poktan-kanigaran-gelar-panen-raya-jagung
"Kejagung Pakai Lahan Sitaan Kasus Korupsi ASABRI, Bisa Panen 2.640 Ton Gabah",panen raya,Detik.com,2025-11-26,https://20.detik.com/detikupdate/20250819-250819061/kejagung-pakai-lahan-sitaan-kasus-korupsi-asabri-bisa-panen-2-640-ton-gabah
Cara Petani Pangandaran Rayakan Panen Raya dengan Balap Traktor,panen raya,Detik.com,2025-11-26,https://www.detik.com/jabar/berita/d-8083832/cara-petani-pangandaran-rayakan-panen-raya-dengan-balap-traktor
"Panen Raya 2,8 Juta Ton di Oku Timur, Rajiv: Bukti Kerja Kolaboratif",panen raya,Detik.com,2025-11-26,https://news.detik.com/berita/d-8133539/panen-raya-2-8-juta-ton-di-oku-timur-rajiv-bukti-kerja-kolaboratif
"Wagub Sulsel & Titiek Soeharto Panen Raya di Maros, Capai 9 Ton/Hektare",panen raya,Detik.com,2025-11-26,https://news.detik.com/berita/d-8059679/wagub-sulsel-titiek-soeharto-panen-raya-di-maros-capai-9-ton-hektare
"Melihat Pameran Panen Raya, Merajut Cerita Alam Lewat Bahasa Seni",panen raya,Detik.com,2025-11-26,https://www.detik.com/pop/foto/d-8144804/melihat-pameran-panen-raya-merajut-cerita-alam-lewat-bahasa-seni
"Sukseskan Ketahanan Pangan, Polres Inhu Panen Raya Jagung 600 Kg",panen raya,Detik.com,2025-11-26,https://news.detik.com/melindungi-tuah-marwah/d-8050665/sukseskan-ketahanan-pangan-polres-inhu-panen-raya-jagung-600-kg
"Panen Raya di 10 Provinsi, Pasokan Beras Nasional Sangat Aman & Terkendali",panen raya,Detik.com,2025-11-26,https://finance.detik.com/berita-ekonomi-bisnis/d-8095892/panen-raya-di-10-provinsi-pasokan-beras-nasional-sangat-aman-terkendali
"Hitung Mundur Idul Adha 2025, Berapa Hari Lagi Menuju Hari Raya Kurban?",hari raya kurban,Detik.com,2025-11-26,https://www.detik.com/sulsel/berita/d-7929747/hitung-mundur-idul-adha-2025-berapa-hari-lagi-menuju-hari-raya-kurban
"60+ Ucapan Idul Adha 2025 Islami dan Balasannya, Selamat Hari Raya Kurban!",hari raya kurban,Detik.com,2025-11-26,https://www.detik.com/jogja/berita/d-7951674/60-ucapan-idul-adha-2025-islami-dan-balasannya-selamat-hari-raya-kurban
50 Ucapan Hari Raya Idul Adha Terbaru 2025 Berbagai Tema,hari raya kurban,Detik.com,2025-11-26,https://www.detik.com/sumut/berita/d-7948230/50-ucapan-hari-raya-idul-adha-terbaru-2025-berbagai-tema
"Kemeriahan Kontes Sapi Potong Menjelang Hari Raya Kurban, Sidoarjo",hari raya kurban,Detik.com,2025-11-26,https://20.detik.com/spot-wisata/20240626-240701013/kemeriahan-kontes-sapi-potong-menjelang-hari-raya-kurban-sidoarjo
Idul Adha 2025 Berapa Hijriah? Ini Penjelasannya,hari raya kurban,Detik.com,2025-11-26,https://www.detik.com/hikmah/khazanah/d-7947142/idul-adha-2025-berapa-hijriah-ini-penjelasannya
Jemaah Aboge di Probolinggo Gelar Salat Idul Adha Pagi Ini,hari raya kurban,Detik.com,2025-11-26,https://www.detik.com/jatim/berita/d-7954110/jemaah-aboge-di-probolinggo-gelar-salat-idul-adha-pagi-ini
"Serba-serbi Hari Raya Kurban, Sapi Hilang-Ngamuk karena Suara Motor",hari raya kurban,Detik.com,2025-11-26,https://www.detik.com/sumbagsel/berita/d-7398066/serba-serbi-hari-raya-kurban-sapi-hilang-ngamuk-karena-suara-motor
Potret Tradisi Unik Idul Adha di Berbagai Negara,hari raya kurban,Detik.com,2025-11-26,https://news.detik.com/foto-news/d-7951694/potret-tradisi-unik-idul-adha-di-berbagai-negara
"8 Amalan Sunnah Idul Adha, Muslim Sudah Tahu?",hari raya kurban,Detik.com,2025-11-26,https://www.detik.com/hikmah/khazanah/d-7900878/8-amalan-sunnah-idul-adha-muslim-sudah-tahu
45+ Daftar Ucapan Idul Adha 2025 Islami dan Penuh Makna,hari raya kurban,Detik.com,2025-11-26,https://www.detik.com/jabar/jabar-gaskeun/d-7948840/45-daftar-ucapan-idul-adha-2025-islami-dan-penuh-makna
64 Orang Tewas Usai Israel Bombardir Gaza Saat Hari Raya Idul Fitri 2025,hari raya idul fitri,Detik.com,2025-11-26,https://www.detik.com/sumbagsel/berita/d-7850559/64-orang-tewas-usai-israel-bombardir-gaza-saat-hari-raya-idul-fitri-2025
15 Contoh Cerita Hari Raya Idul Fitri Bersama Keluarga 3 Paragraf,hari raya idul fitri,Detik.com,2025-11-26,https://www.detik.com/edu/detikpedia/d-7865640/15-contoh-cerita-hari-raya-idul-fitri-bersama-keluarga-3-paragraf
55+ Ucapan Hari Raya Idul Fitri Singkat dan Menyentuh Hati,hari raya idul fitri,Detik.com,2025-11-26,https://www.detik.com/sumbagsel/berita/d-7848767/55-ucapan-hari-raya-idul-fitri-singkat-dan-menyentuh-hati
Video Jalur Selatan Nagreg Padat di Momen Hari Raya Idul Fitri,hari raya idul fitri,Detik.com,2025-11-26,https://20.detik.com/detikupdate/20250331-250331091/video-jalur-selatan-nagreg-padat-di-momen-hari-raya-idul-fitri
Cara Membalas Ucapan Hari Raya Idul Fitri Sesuai Sunnah,hari raya idul fitri,Detik.com,2025-11-26,https://www.detik.com/hikmah/khazanah/d-7848169/cara-membalas-ucapan-hari-raya-idul-fitri-sesuai-sunnah
Kapan Hari Raya Idul Fitri 2025? Ini Prediksi Kemenag,hari raya idul fitri,Detik.com,2025-11-26,https://www.detik.com/sumbagsel/berita/d-7847039/kapan-hari-raya-idul-fitri-2025-ini-prediksi-kemenag
"Hari Raya Idul Fitri 2025 versi Muhammadiyah, Pemerintah, dan NU",hari raya idul fitri,Detik.com,2025-11-26,https://www.detik.com/sumbagsel/berita/d-7846542/hari-raya-idul-fitri-2025-versi-muhammadiyah-pemerintah-dan-nu
7 Potret Kekompakan Artis Rayakan Lebaran Bareng Keluarga yang Beda Keyakinan,hari raya idul fitri,Detik.com,2025-11-26,https://wolipop.detik.com/foto-entertainment/d-7855797/7-potret-kekompakan-artis-rayakan-lebaran-bareng-keluarga-yang-beda-keyakinan
45 Ucapan Selamat Hari Raya Idul Fitri 2025,hari raya idul fitri,Detik.com,2025-11-26,https://www.detik.com/hikmah/khazanah/d-7848206/45-ucapan-selamat-hari-raya-idul-fitri-2025
80+ Ucapan Selamat Hari Raya Idul Fitri untuk Teman-Pasangan,hari raya idul fitri,Detik.com,2025-11-26,https://www.detik.com/hikmah/khazanah/d-7849099/80-ucapan-selamat-hari-raya-idul-fitri-untuk-teman-pasangan
Harga Minyak Goreng-Gula di Sumut Makin Mahal,Harga gula pasir,Detik.com,2025-11-26,https://www.detik.com/sumut/berita/d-8143534/harga-minyak-goreng-gula-di-sumut-makin-mahal
"Harga Sembako Jatim Hari Ini: Cabai Keriting-Rawit Naik, Bawang Merah Turun",Harga gula pasir,Detik.com,2025-11-26,https://www.detik.com/jatim/bisnis/d-8229067/harga-sembako-jatim-hari-ini-cabai-keriting-rawit-naik-bawang-merah-turun
Cek Harga Pasir Bangka untuk Bangunan per 1 Truk di 2025,Harga gula pasir,Detik.com,2025-11-26,https://www.detik.com/properti/tips-dan-panduan/d-8216713/cek-harga-pasir-bangka-untuk-bangunan-per-1-truk-di-2025
Pedagang-Pembeli di Pasar Benhil Keluhkan Harga Gula Pasir Jelang Ramadan,Harga gula pasir,Detik.com,2025-11-26,https://20.detik.com/detikflash/20220402-220402076/pedagang-pembeli-di-pasar-benhil-keluhkan-harga-gula-pasir-jelang-ramadan
Apa Benar Gula Aren Lebih Sehat dari Gula Pasir? Ini Fakta Nutrisinya,Harga gula pasir,Detik.com,2025-11-26,https://food.detik.com/info-sehat/d-8096535/apa-benar-gula-aren-lebih-sehat-dari-gula-pasir-ini-fakta-nutrisinya
Aktivitas Seru hingga Estimasi Biaya Saat Solo Traveling ke Gili Trawangan,Harga gula pasir,Detik.com,2025-11-26,https://www.detik.com/bali/wisata/d-8229116/aktivitas-seru-hingga-estimasi-biaya-saat-solo-traveling-ke-gili-trawangan
Harga Sembako Jogja Hari Ini 26 Mei 2025: Daging Ayam dan Gula Pasir Turun,Harga gula pasir,Detik.com,2025-11-26,https://www.detik.com/jogja/bisnis/d-7933094/harga-sembako-jogja-hari-ini-26-mei-2025-daging-ayam-dan-gula-pasir-turun
Di Pasar Tradisional Harga Gula Merangkak Naik,Harga gula pasir,Detik.com,2025-11-26,https://finance.detik.com/foto-bisnis/d-6768716/di-pasar-tradisional-harga-gula-merangkak-naik
Harga Sembako Jogja Hari Ini 8 Mei 2025: Gula Pasir Rp 18 Ribuan Sekilo,Harga gula pasir,Detik.com,2025-11-26,https://www.detik.com/jogja/bisnis/d-7905350/harga-sembako-jogja-hari-ini-8-mei-2025-gula-pasir-rp-18-ribuan-sekilo
"Tambang Ilegal Ditertibkan, Harga Pasir Tasikmalaya Meroket",Harga gula pasir,Detik.com,2025-11-26,https://www.detik.com/jabar/berita/d-7948038/tambang-ilegal-ditertibkan-harga-pasir-tasikmalaya-meroket
Pemkot Mataram Cari Akar Masalah Harga Daging Ayam Tak Turun Sejak 3 Bulan,Harga ayam broiler,Detik.com,2025-11-26,https://www.detik.com/bali/nusra/d-8228735/pemkot-mataram-cari-akar-masalah-harga-daging-ayam-tak-turun-sejak-3-bulan
Transmart Full Day Sale! Ayam Broiler Diobral Murah,Harga ayam broiler,Detik.com,2025-11-26,https://finance.detik.com/berita-ekonomi-bisnis/d-8224286/transmart-full-day-sale-ayam-broiler-diobral-murah
"Obral Ayam Broiler Murah, Cuma di Transmart Full Day Sale",Harga ayam broiler,Detik.com,2025-11-26,https://finance.detik.com/berita-ekonomi-bisnis/d-8223133/obral-ayam-broiler-murah-cuma-di-transmart-full-day-sale
Banting Harga! Ayam Broiler Murah Meriah di Transmart Full Day Sale,Harga ayam broiler,Detik.com,2025-11-26,https://finance.detik.com/berita-ekonomi-bisnis/d-7876791/banting-harga-ayam-broiler-murah-meriah-di-transmart-full-day-sale
Banting Harga! Beli Ayam Broiler di Transmart Full Day Sale Semurah Ini,Harga ayam broiler,Detik.com,2025-11-26,https://finance.detik.com/berita-ekonomi-bisnis/d-8031278/banting-harga-beli-ayam-broiler-di-transmart-full-day-sale-semurah-ini
Banting Harga! Daging Ayam Broiler di Transmart Full Day Sale Jadi Segini,Harga ayam broiler,Detik.com,2025-11-26,https://finance.detik.com/berita-ekonomi-bisnis/d-8020170/banting-harga-daging-ayam-broiler-di-transmart-full-day-sale-jadi-segini
"Harga Sembako Jatim 22 November 2025, Harga Telur Ayam Rp 27.968 Per Kilogram",Harga ayam broiler,Detik.com,2025-11-26,https://www.detik.com/jatim/bisnis/d-8223080/harga-sembako-jatim-22-november-2025-harga-telur-ayam-rp-27-968-per-kilogram
Mendag Wanti-wanti Harga Ayam hingga Cabai Naik saat Nataru,Harga ayam broiler,Detik.com,2025-11-26,https://finance.detik.com/berita-ekonomi-bisnis/d-8222291/mendag-wanti-wanti-harga-ayam-hingga-cabai-naik-saat-nataru
"Harga Sembako Jatim Hari Ini: Cabai Keriting-Rawit Naik, Bawang Merah Turun",Harga ayam broiler,Detik.com,2025-11-26,https://www.detik.com/jatim/bisnis/d-8229067/harga-sembako-jatim-hari-ini-cabai-keriting-rawit-naik-bawang-merah-turun
Ayam Broiler Banting Harga di Transmart Full Day Sale,Harga ayam broiler,Detik.com,2025-11-26,https://finance.detik.com/berita-ekonomi-bisnis/d-8166336/ayam-broiler-banting-harga-di-transmart-full-day-sale
